file,folder,description,trade,people,kind,size,good_for,last_used,source,sp_n
library/product/barcode-settings-ui-mockup-119.png,product,Barcode Settings UI mockup,general_commercial,none,screenshot,1616x1081,,,General/2022 Marketing/Graphics Designs/Website Images/webp format images/InventoryManagement@Barcodes.webp,119
library/product/purchase-order-vendor-details-mockup-123.png,product,Purchase order vendor details mockup,general_commercial,none,screenshot,1616x1081,,,General/2022 Marketing/Graphics Designs/Website Images/webp format images/InventoryManagement@StandalonePOs-1.webp,123
library/product/inventory-item-stock-and-serial-details-mockup-124.png,product,Inventory item stock and serial details mockup,hvac,none,screenshot,1643x1081,,,General/2022 Marketing/Graphics Designs/Website Images/webp format images/InventoryManagement@TraceInventory.webp,124
library/product/proposal-approval-mockup-with-buttons-130.png,product,Proposal approval mockup with buttons,hvac,none,screenshot,1616x1081,,,General/2022 Marketing/Graphics Designs/Website Images/webp format images/ServiceAgreements@InstantApproval (1).webp,130
library/product/service-agreements-form-mockup-132.png,product,Service Agreements form mockup,general_commercial,none,screenshot,1616x1110,,,General/2022 Marketing/Graphics Designs/Website Images/webp format images/ServiceAgreements@NewServiceAgreement.webp,132
library/product/recurring-jobs-schedule-mockup-with-job-info-134.png,product,Recurring jobs schedule mockup with job info,general_commercial,none,screenshot,1712x1081,,,General/2022 Marketing/Graphics Designs/Website Images/webp format images/ServiceAgreements@RecurringJobs.webp,134
library/product/automated-reminder-notifications-mockup-135.png,product,Automated reminder notifications mockup,general_commercial,none,screenshot,1648x1081,,,General/2022 Marketing/Graphics Designs/Website Images/webp format images/ServiceAgreements@Reminders.webp,135
library/product/invoice-with-job-time-options-mockup-137.png,product,Invoice with job time options mockup,hvac,none,screenshot,1656x1081,,,General/2022 Marketing/Graphics Designs/Website Images/webp format images/TimeTracking@AddJobTime-1.webp,137
library/product/manage-crew-mobile-app-mockup-on-phones-138.png,product,Manage Crew mobile app mockup on phones,general_commercial,none,screenshot,1472x1081,,,General/2022 Marketing/Graphics Designs/Website Images/webp format images/TimeTracking@CrewManagement-1.webp,138
library/product/timesheet-entry-form-mockup-141.png,product,Timesheet entry form mockup,general_commercial,none,screenshot,1472x1081,,,General/2022 Marketing/Graphics Designs/Website Images/webp format images/TimeTracking@TimesheetConflicts (1).webp,141
library/product/proposal-document-mockup-237.png,product,Proposal document mockup,hvac,none,screenshot,1616x1081,,,General/2022 Marketing/Videos/0 Reusable Assets for Videos/Screens By Humaisa/Estimations@LookProfessional.webp,237
library/product/desktop-schedule-and-phone-job-details-mockup-241.png,product,Desktop schedule and phone job details mockup,general_commercial,none,screenshot,964x680,,,General/2022 Marketing/Videos/0 Reusable Assets for Videos/Screens By Humaisa/industrack.png,241
library/product/phone-job-details-mockup-243.png,product,Phone job details mockup,hvac,none,screenshot,573x1074,,,General/2022 Marketing/Videos/0 Reusable Assets for Videos/Screens By Humaisa/Job detail- mock up.png,243
library/product/phone-equipment-screen-mockup-244.png,product,Phone equipment screen mockup,hvac,none,screenshot,1239x2362,,,General/2022 Marketing/Videos/0 Reusable Assets for Videos/Screens By Humaisa/Mockup (11).png,244
library/product/phone-timesheet-screen-mockup-245.png,product,Phone timesheet screen mockup,general_commercial,none,screenshot,1241x2361,,,General/2022 Marketing/Videos/0 Reusable Assets for Videos/Screens By Humaisa/Mockup (14).png,245
library/product/phone-payment-preview-with-signature-mockup-246.png,product,Phone payment preview with signature mockup,general_commercial,none,screenshot,1219x2371,,,General/2022 Marketing/Videos/0 Reusable Assets for Videos/Screens By Humaisa/Mockup (16) 1.png,246
library/product/phone-gps-alerts-screen-mockup-247.png,product,Phone GPS alerts screen mockup,general_commercial,none,screenshot,755x1415,,,General/2022 Marketing/Videos/0 Reusable Assets for Videos/Screens By Humaisa/Mockup (2).png,247
library/product/phone-offline-timesheet-mockup-248.png,product,Phone offline timesheet mockup,general_commercial,none,screenshot,684x1074,,,General/2022 Marketing/Videos/0 Reusable Assets for Videos/Screens By Humaisa/Mockup 1.png,248
library/product/schedule-board-cards-apr-2024-251.png,product,"Schedule board cards, Apr 2024",general_commercial,none,screenshot,2000x1440,,,General/2022 Marketing/Videos/0 Reusable Assets for Videos/Screens By Humaisa/scheduling-2 (1).webp,251
library/product/add-new-job-form-mockup-253.png,product,Add New Job form mockup,general_commercial,none,screenshot,1615x1109,,,General/2022 Marketing/Videos/0 Reusable Assets for Videos/Screens By Humaisa/screen figma.png,253
library/product/dashboard-sidebar-with-new-charts-2024-254.png,product,Dashboard sidebar with new charts 2024,general_commercial,none,screenshot,1702x1050,,,General/2022 Marketing/Videos/0 Reusable Assets for Videos/Screens By Humaisa/screen-2.png,254
library/product/imac-angled-with-new-location-form-277.png,product,iMac angled with new location form,general_commercial,none,screenshot,2500x2398,,,General/2022 Marketing/Videos/0 Oct 2024/Website images/CRM page/Centralized Customer Profiles (2).png,277
library/product/service-agreements-card-mockup-280.png,product,Service agreements card mockup,general_commercial,none,screenshot,2500x1881,,,General/2022 Marketing/Videos/0 Oct 2024/Website images/CRM page/Contracts & Service Agreements.png,280
library/product/estimates-list-with-convert-to-job-menu-284.png,product,Estimates list with Convert to Job menu,general_commercial,none,screenshot,2500x1881,,,General/2022 Marketing/Videos/0 Oct 2024/Website images/CRM page/Estimates & job Management.png,284
library/product/invoice-mockup-curb-masters-ac-condenser-286.png,product,"Invoice mockup Curb Masters, AC condenser",hvac,none,screenshot,2500x1881,,,General/2022 Marketing/Videos/0 Oct 2024/Website images/CRM page/Invoicing & payment.png,286
library/product/automated-reminder-screens-angled-290.png,product,Automated reminder screens angled,general_commercial,none,screenshot,2500x1881,,,General/2022 Marketing/Videos/0 Oct 2024/Website images/CRM page/Task & Reminders.png,290
library/product/phone-job-details-and-tablet-job-history-293.png,product,Phone job details and tablet job history,general_commercial,none,screenshot,2500x1881,,,General/2022 Marketing/Videos/0 Oct 2024/Website images/New folder/job details.png,293
library/product/laptop-with-edit-job-screen-2024-ui-295.png,product,"Laptop with Edit Job screen, 2024 UI",general_commercial,none,screenshot,2500x1881,,,General/2022 Marketing/Videos/0 Oct 2024/Website images/New folder/Managing Jobs Efficiently.png,295
library/product/stacked-3d-product-screens-collage-319.png,product,Stacked 3D product screens collage,general_commercial,none,screenshot,1576x1080,,,General/2022 Marketing/Videos/0 Oct 2024/New - web images/Homepage/Export/Image concept 3 - V2.png,319
library/product/phone-job-details-plus-stacked-3d-screens-with-schedule-320.png,product,Phone job details plus stacked 3D screens with schedule,general_commercial,not_identifiable,screenshot,1576x1080,,,General/2022 Marketing/Videos/0 Oct 2024/New - web images/Homepage/Export/Image concept 3 - V3.png,320
library/product/customer-estimations-tab-with-paid-overdue-totals-321.png,product,Customer estimations tab with paid/overdue totals,general_commercial,none,screenshot,1616x1081,,,General/2022 Marketing/Videos/0 Oct 2024/New - web images/Homepage/ssets image/CRMSoftware@ManageCustomers.webp,321
library/product/form-builder-elements-and-body-322.png,product,Form builder elements and body,general_commercial,none,screenshot,1616x1081,,,General/2022 Marketing/Videos/0 Oct 2024/New - web images/Homepage/ssets image/CustomForms@Forms.webp,322
library/product/inventory-management-with-add-menu-324.png,product,Inventory management with add menu,general_commercial,none,screenshot,1575x989,,,General/2022 Marketing/Videos/0 Oct 2024/New - web images/Homepage/ssets image/Group 1071.webp,324
library/product/job-queues-with-hold-reasons-326.png,product,Job queues with hold reasons,general_commercial,none,screenshot,1728x1081,,,General/2022 Marketing/Videos/0 Oct 2024/New - web images/Homepage/ssets image/SchedulingDispatching@JobsOnHold.webp,326
library/product/app-store-screen-ios-estimate-preview-368.png,product,App store screen iOS: estimate preview,hvac,none,finished_graphic,1156x2500,,,General/2022 Marketing/Graphics Designs/Graphic Design Resources/Humaisa Asif-Graphic Designer/App screenshots/Ios/1284-2778/edit estimate.jpg,368
library/product/app-store-screen-ios-invoice-pay-369.png,product,App store screen iOS: invoice pay,hvac,none,finished_graphic,1156x2500,,,General/2022 Marketing/Graphics Designs/Graphic Design Resources/Humaisa Asif-Graphic Designer/App screenshots/Ios/1284-2778/edit invoice.jpg,369
library/product/app-store-screen-ios-equipment-assign-370.png,product,App store screen iOS: equipment assign,hvac,none,finished_graphic,1156x2500,,,General/2022 Marketing/Graphics Designs/Graphic Design Resources/Humaisa Asif-Graphic Designer/App screenshots/Ios/1284-2778/equipment screen.jpg,370
library/product/app-store-screen-ios-job-details-371.png,product,App store screen iOS: job details,hvac,none,finished_graphic,1156x2500,,,General/2022 Marketing/Graphics Designs/Graphic Design Resources/Humaisa Asif-Graphic Designer/App screenshots/Ios/1284-2778/job detail screen.jpg,371
library/product/app-store-screen-ios-manage-crew-372.png,product,App store screen iOS: manage crew,general_commercial,none,finished_graphic,1156x2500,,,General/2022 Marketing/Graphics Designs/Graphic Design Resources/Humaisa Asif-Graphic Designer/App screenshots/Ios/1284-2778/manage crew screen.jpg,372
library/product/app-store-screen-ios-payment-preview-373.png,product,App store screen iOS: payment preview,general_commercial,none,finished_graphic,1156x2500,,,General/2022 Marketing/Graphics Designs/Graphic Design Resources/Humaisa Asif-Graphic Designer/App screenshots/Ios/1284-2778/payment screen.jpg,373
library/product/app-store-screen-ios-route-preview-google-maps-374.png,product,"App store screen iOS: route preview, Google Maps",general_commercial,none,finished_graphic,1156x2500,,,General/2022 Marketing/Graphics Designs/Graphic Design Resources/Humaisa Asif-Graphic Designer/App screenshots/Ios/1284-2778/route screen.jpg,374
library/product/app-store-screen-ios-timesheet-375.png,product,App store screen iOS: timesheet,general_commercial,none,finished_graphic,1156x2500,,,General/2022 Marketing/Graphics Designs/Graphic Design Resources/Humaisa Asif-Graphic Designer/App screenshots/Ios/1284-2778/time sheet.jpg,375
library/product/ahr-expo-2024-booth-photo-with-industrack-staff-karl-175.png,product,AHR Expo 2024 booth photo with IndusTrack staff Karl,hvac,identifiable,finished_graphic,1080x1080,,,General/2022 Marketing/Graphics Designs/Graphic Design Resources/Humaisa Asif-Graphic Designer/Approved by Raz/static post/AHR expo post 6.jpg,175
library/people/curbco-crew-group-photo-by-truck-customer-336.jpg,people,Curbco crew group photo by truck (customer),general_commercial,identifiable,photo,1400x895,,,General/2022 Marketing/Case Studies/Curb and Co/case study images/image-1.png,336
library/people/charity-awards-event-group-photo-337.jpg,people,Charity awards event group photo,none,identifiable,photo,601x701,,,General/2022 Marketing/Case Studies/Curb and Co/case study images/image-2.png,337
library/people/curbco-street-sweeper-truck-downtown-338.jpg,people,Curbco street sweeper truck downtown,landscaping_snow,identifiable,photo,782x1366,,,General/2022 Marketing/Case Studies/Curb and Co/case study images/image-3.png,338
library/people/man-in-hi-vis-with-hard-hat-group-at-site-339.jpg,people,Man in hi-vis with hard-hat group at site,general_commercial,identifiable,photo,1400x944,,,General/2022 Marketing/Case Studies/Curb and Co/case study images/image-4.png,339
